{
  "product": [
    {
      "id": 1,
      "productName": "Formal Shirt",
      "categoryId": 1,
      "descriptions": "descriotion here",
      "price": 200,
      "is_available": true,
      "productImg": "http://localhost:4200/assets/s1.jpg",
      "rating": 4.2,
      "review": 40,
      "vendor_name": "abc_shop",
      "waranty": 1
    },
    {
      "id": 2,
      "productName": "Casual Shirt",
      "categoryId": 5,
      "descriptions": "descriotion here",
      "price": 450,
      "is_available": true,
      "productImg": "http://localhost:4200/assets/s2.jpg",
      "rating": 4,
      "review": 25,
      "vendor_name": "abc_shop",
      "waranty": 1
    },
    {
      "id": 2,
      "productName": "Party Shirt",
      "categoryId": 2,
      "descriptions": "descriotion here",
      "price": 400,
      "is_available": true,
      "productImg": "http://localhost:4200/assets/s3.jpg",
      "rating": 4.1,
      "review": 25,
      "vendor_name": "abc_shop",
      "waranty": 1
    },
    {
      "id": 4,
      "productName": "Sherwani",
      "categoryId": 4,
      "descriptions": "descriotion here",
      "price": 350,
      "is_available": true,
      "productImg": "http://localhost:4200/assets/s4.jpg",
      "rating": 3,
      "review": 45,
      "vendor_name": "abc_shop",
      "waranty": 1
    },
    {
      "id": 5,
      "productName": "Tuxedo",
      "categoryId": 5,
      "descriptions": "descriotion here",
      "price": 1800,
      "is_available": true,
      "productImg": "http://localhost:4200/assets/s5.jpg",
      "rating": 3,
      "review": 45,
      "vendor_name": "abc_shop",
      "waranty": 1
    }
  ],
  "categories": [
    {
      "id": 1,
      "categoryName": "Electronics"
    },
    {
      "id": 2,
      "categoryName": "Men"
    },
    {
      "id": 3,
      "categoryName": "Women"
    },
    {
      "id": 4,
      "categoryName": "Home & Furniture"
    },
    {
      "id": 5,
      "categoryName": "Kids"
    }
  ],
  "comments": [
    {
      "id": 1,
      "body": "some comment",
      "postId": 1
    },
    {
      "id": 2,
      "body": "some comment",
      "postId": 1
    }
  ],
  "profile": {
    "name": "typicode"
  }
}